name,population,area,region
"{'common': 'Lithuania', 'official': 'Republic of Lithuania', 'nativeName': {'lit': {'official': 'Lietuvos Respublikos', 'common': 'Lietuva'}}}",2794700,65300.0,Europe
"{'common': 'Chile', 'official': 'Republic of Chile', 'nativeName': {'spa': {'official': 'República de Chile', 'common': 'Chile'}}}",19116209,756102.0,Americas
"{'common': 'Benin', 'official': 'Republic of Benin', 'nativeName': {'fra': {'official': 'République du Bénin', 'common': 'Bénin'}}}",12123198,112622.0,Africa
"{'common': 'Falkland Islands', 'official': 'Falkland Islands', 'nativeName': {'eng': {'official': 'Falkland Islands', 'common': 'Falkland Islands'}}}",2563,12173.0,Americas
"{'common': 'Georgia', 'official': 'Georgia', 'nativeName': {'kat': {'official': 'საქართველო', 'common': 'საქართველო'}}}",3714000,69700.0,Asia
"{'common': 'Cyprus', 'official': 'Republic of Cyprus', 'nativeName': {'ell': {'official': 'Δημοκρατία της Κύπρος', 'common': 'Κύπρος'}, 'tur': {'official': 'Kıbrıs Cumhuriyeti', 'common': 'Kıbrıs'}}}",1207361,9251.0,Europe
"{'common': 'Ghana', 'official': 'Republic of Ghana', 'nativeName': {'eng': {'official': 'Republic of Ghana', 'common': 'Ghana'}}}",31072945,238533.0,Africa
"{'common': 'Belgium', 'official': 'Kingdom of Belgium', 'nativeName': {'deu': {'official': 'Königreich Belgien', 'common': 'Belgien'}, 'fra': {'official': 'Royaume de Belgique', 'common': 'Belgique'}, 'nld': {'official': 'Koninkrijk België', 'common': 'België'}}}",11555997,30528.0,Europe
"{'common': 'Cuba', 'official': 'Republic of Cuba', 'nativeName': {'spa': {'official': 'República de Cuba', 'common': 'Cuba'}}}",11326616,109884.0,Americas
"{'common': 'Andorra', 'official': 'Principality of Andorra', 'nativeName': {'cat': {'official': ""Principat d'Andorra"", 'common': 'Andorra'}}}",77265,468.0,Europe
"{'common': 'Argentina', 'official': 'Argentine Republic', 'nativeName': {'grn': {'official': 'Argentine Republic', 'common': 'Argentina'}, 'spa': {'official': 'República Argentina', 'common': 'Argentina'}}}",45376763,2780400.0,Americas
"{'common': 'El Salvador', 'official': 'Republic of El Salvador', 'nativeName': {'spa': {'official': 'República de El Salvador', 'common': 'El Salvador'}}}",6486201,21041.0,Americas
"{'common': 'Uzbekistan', 'official': 'Republic of Uzbekistan', 'nativeName': {'rus': {'official': 'Республика Узбекистан', 'common': 'Узбекистан'}, 'uzb': {'official': ""O'zbekiston Respublikasi"", 'common': 'O‘zbekiston'}}}",34232050,447400.0,Asia
"{'common': 'Belize', 'official': 'Belize', 'nativeName': {'bjz': {'official': 'Belize', 'common': 'Belize'}, 'eng': {'official': 'Belize', 'common': 'Belize'}, 'spa': {'official': 'Belice', 'common': 'Belice'}}}",397621,22966.0,Americas
"{'common': 'Latvia', 'official': 'Republic of Latvia', 'nativeName': {'lav': {'official': 'Latvijas Republikas', 'common': 'Latvija'}}}",1901548,64559.0,Europe
"{'common': 'Ivory Coast', 'official': ""Republic of Côte d'Ivoire"", 'nativeName': {'fra': {'official': ""République de Côte d'Ivoire"", 'common': ""Côte d'Ivoire""}}}",26378275,322463.0,Africa
"{'common': 'France', 'official': 'French Republic', 'nativeName': {'fra': {'official': 'République française', 'common': 'France'}}}",67391582,551695.0,Europe
"{'common': 'Northern Mariana Islands', 'official': 'Commonwealth of the Northern Mariana Islands', 'nativeName': {'cal': {'official': 'Commonwealth of the Northern Mariana Islands', 'common': 'Northern Mariana Islands'}, 'cha': {'official': 'Sankattan Siha Na Islas Mariånas', 'common': 'Na Islas Mariånas'}, 'eng': {'official': 'Commonwealth of the Northern Mariana Islands', 'common': 'Northern Mariana Islands'}}}",57557,464.0,Oceania
"{'common': 'Republic of the Congo', 'official': 'Republic of the Congo', 'nativeName': {'fra': {'official': 'République du Congo', 'common': 'République du Congo'}, 'kon': {'official': 'Repubilika ya Kongo', 'common': 'Repubilika ya Kongo'}, 'lin': {'official': 'Republíki ya Kongó', 'common': 'Republíki ya Kongó'}}}",5657000,342000.0,Africa
"{'common': 'Bangladesh', 'official': ""People's Republic of Bangladesh"", 'nativeName': {'ben': {'official': 'বাংলাদেশ গণপ্রজাতন্ত্রী', 'common': 'বাংলাদেশ'}}}",164689383,147570.0,Asia
"{'common': 'Palau', 'official': 'Republic of Palau', 'nativeName': {'eng': {'official': 'Republic of Palau', 'common': 'Palau'}, 'pau': {'official': 'Beluu er a Belau', 'common': 'Belau'}}}",18092,459.0,Oceania
"{'common': 'Afghanistan', 'official': 'Islamic Republic of Afghanistan', 'nativeName': {'prs': {'official': 'جمهوری اسلامی افغانستان', 'common': 'افغانستان'}, 'pus': {'official': 'د افغانستان اسلامي جمهوریت', 'common': 'افغانستان'}, 'tuk': {'official': 'Owganystan Yslam Respublikasy', 'common': 'Owganystan'}}}",40218234,652230.0,Asia
"{'common': 'Ethiopia', 'official': 'Federal Democratic Republic of Ethiopia', 'nativeName': {'amh': {'official': 'የኢትዮጵያ ፌዴራላዊ ዲሞክራሲያዊ ሪፐብሊክ', 'common': 'ኢትዮጵያ'}}}",114963583,1104300.0,Africa
"{'common': 'New Caledonia', 'official': 'New Caledonia', 'nativeName': {'fra': {'official': 'Nouvelle-Calédonie', 'common': 'Nouvelle-Calédonie'}}}",271960,18575.0,Oceania
"{'common': 'Turkmenistan', 'official': 'Turkmenistan', 'nativeName': {'rus': {'official': 'Туркменистан', 'common': 'Туркмения'}, 'tuk': {'official': 'Türkmenistan', 'common': 'Türkmenistan'}}}",6031187,488100.0,Asia
"{'common': 'Jordan', 'official': 'Hashemite Kingdom of Jordan', 'nativeName': {'ara': {'official': 'المملكة الأردنية الهاشمية', 'common': 'الأردن'}}}",10203140,89342.0,Asia
"{'common': 'Montserrat', 'official': 'Montserrat', 'nativeName': {'eng': {'official': 'Montserrat', 'common': 'Montserrat'}}}",4922,102.0,Americas
"{'common': 'Bulgaria', 'official': 'Republic of Bulgaria', 'nativeName': {'bul': {'official': 'Република България', 'common': 'България'}}}",6927288,110879.0,Europe
"{'common': 'Saint Lucia', 'official': 'Saint Lucia', 'nativeName': {'eng': {'official': 'Saint Lucia', 'common': 'Saint Lucia'}}}",183629,616.0,Americas
"{'common': 'Senegal', 'official': 'Republic of Senegal', 'nativeName': {'fra': {'official': 'République du Sénégal', 'common': 'Sénégal'}}}",16743930,196722.0,Africa
"{'common': 'Uruguay', 'official': 'Oriental Republic of Uruguay', 'nativeName': {'spa': {'official': 'República Oriental del Uruguay', 'common': 'Uruguay'}}}",3473727,181034.0,Americas
"{'common': 'Guinea-Bissau', 'official': 'Republic of Guinea-Bissau', 'nativeName': {'por': {'official': 'República da Guiné-Bissau', 'common': 'Guiné-Bissau'}, 'pov': {'official': 'República da Guiné-Bissau', 'common': 'Guiné-Bissau'}}}",1967998,36125.0,Africa
"{'common': 'Philippines', 'official': 'Republic of the Philippines', 'nativeName': {'eng': {'official': 'Republic of the Philippines', 'common': 'Philippines'}, 'fil': {'official': 'Republic of the Philippines', 'common': 'Pilipinas'}}}",109581085,342353.0,Asia
"{'common': 'Tanzania', 'official': 'United Republic of Tanzania', 'nativeName': {'eng': {'official': 'United Republic of Tanzania', 'common': 'Tanzania'}, 'swa': {'official': 'Jamhuri ya Muungano wa Tanzania', 'common': 'Tanzania'}}}",59734213,945087.0,Africa
"{'common': 'Isle of Man', 'official': 'Isle of Man', 'nativeName': {'eng': {'official': 'Isle of Man', 'common': 'Isle of Man'}, 'glv': {'official': 'Ellan Vannin or Mannin', 'common': 'Mannin'}}}",85032,572.0,Europe
"{'common': 'Sudan', 'official': 'Republic of the Sudan', 'nativeName': {'ara': {'official': 'جمهورية السودان', 'common': 'السودان'}, 'eng': {'official': 'Republic of the Sudan', 'common': 'Sudan'}}}",43849269,1886068.0,Africa
"{'common': 'Sierra Leone', 'official': 'Republic of Sierra Leone', 'nativeName': {'eng': {'official': 'Republic of Sierra Leone', 'common': 'Sierra Leone'}}}",7976985,71740.0,Africa
"{'common': 'Chad', 'official': 'Republic of Chad', 'nativeName': {'ara': {'official': 'جمهورية تشاد', 'common': 'تشاد\u200e'}, 'fra': {'official': 'République du Tchad', 'common': 'Tchad'}}}",16425859,1284000.0,Africa
"{'common': 'Vanuatu', 'official': 'Republic of Vanuatu', 'nativeName': {'bis': {'official': 'Ripablik blong Vanuatu', 'common': 'Vanuatu'}, 'eng': {'official': 'Republic of Vanuatu', 'common': 'Vanuatu'}, 'fra': {'official': 'République de Vanuatu', 'common': 'Vanuatu'}}}",307150,12189.0,Oceania
"{'common': 'Rwanda', 'official': 'Republic of Rwanda', 'nativeName': {'eng': {'official': 'Republic of Rwanda', 'common': 'Rwanda'}, 'fra': {'official': 'République rwandaise', 'common': 'Rwanda'}, 'kin': {'official': ""Repubulika y'u Rwanda"", 'common': 'Rwanda'}}}",12952209,26338.0,Africa
"{'common': 'Palestine', 'official': 'State of Palestine', 'nativeName': {'ara': {'official': 'دولة فلسطين', 'common': 'فلسطين'}}}",4803269,6220.0,Asia
"{'common': 'Togo', 'official': 'Togolese Republic', 'nativeName': {'fra': {'official': 'République togolaise', 'common': 'Togo'}}}",8278737,56785.0,Africa
"{'common': 'United Arab Emirates', 'official': 'United Arab Emirates', 'nativeName': {'ara': {'official': 'الإمارات العربية المتحدة', 'common': 'دولة الإمارات العربية المتحدة'}}}",9890400,83600.0,Asia
"{'common': 'Antarctica', 'official': 'Antarctica', 'nativeName': {}}",1000,14000000.0,Antarctic
"{'common': 'Comoros', 'official': 'Union of the Comoros', 'nativeName': {'ara': {'official': 'الاتحاد القمري', 'common': 'القمر\u200e'}, 'fra': {'official': 'Union des Comores', 'common': 'Comores'}, 'zdj': {'official': 'Udzima wa Komori', 'common': 'Komori'}}}",869595,1862.0,Africa
"{'common': 'Kosovo', 'official': 'Republic of Kosovo', 'nativeName': {'sqi': {'official': 'Republika e Kosovës', 'common': 'Kosova'}, 'srp': {'official': 'Република Косово', 'common': 'Косово'}}}",1775378,10908.0,Europe
"{'common': 'Moldova', 'official': 'Republic of Moldova', 'nativeName': {'ron': {'official': 'Republica Moldova', 'common': 'Moldova'}}}",2617820,33846.0,Europe
"{'common': 'Kyrgyzstan', 'official': 'Kyrgyz Republic', 'nativeName': {'kir': {'official': 'Кыргыз Республикасы', 'common': 'Кыргызстан'}, 'rus': {'official': 'Кыргызская Республика', 'common': 'Киргизия'}}}",6591600,199951.0,Asia
"{'common': 'Cape Verde', 'official': 'Republic of Cabo Verde', 'nativeName': {'por': {'official': 'República de Cabo Verde', 'common': 'Cabo Verde'}}}",555988,4033.0,Africa
"{'common': 'United States', 'official': 'United States of America', 'nativeName': {'eng': {'official': 'United States of America', 'common': 'United States'}}}",329484123,9372610.0,Americas
"{'common': 'Venezuela', 'official': 'Bolivarian Republic of Venezuela', 'nativeName': {'spa': {'official': 'República Bolivariana de Venezuela', 'common': 'Venezuela'}}}",28435943,916445.0,Americas
"{'common': 'Pitcairn Islands', 'official': 'Pitcairn Group of Islands', 'nativeName': {'eng': {'official': 'Pitcairn Group of Islands', 'common': 'Pitcairn Islands'}}}",56,47.0,Oceania
"{'common': 'Mayotte', 'official': 'Department of Mayotte', 'nativeName': {'fra': {'official': 'Département de Mayotte', 'common': 'Mayotte'}}}",226915,374.0,Africa
"{'common': 'Timor-Leste', 'official': 'Democratic Republic of Timor-Leste', 'nativeName': {'por': {'official': 'República Democrática de Timor-Leste', 'common': 'Timor-Leste'}, 'tet': {'official': 'Repúblika Demokrátika Timór-Leste', 'common': 'Timór-Leste'}}}",1318442,14874.0,Asia
"{'common': 'Solomon Islands', 'official': 'Solomon Islands', 'nativeName': {'eng': {'official': 'Solomon Islands', 'common': 'Solomon Islands'}}}",686878,28896.0,Oceania
"{'common': 'Saint Pierre and Miquelon', 'official': 'Saint Pierre and Miquelon', 'nativeName': {'fra': {'official': 'Collectivité territoriale de Saint-Pierre-et-Miquelon', 'common': 'Saint-Pierre-et-Miquelon'}}}",6069,242.0,Americas
"{'common': 'Ecuador', 'official': 'Republic of Ecuador', 'nativeName': {'spa': {'official': 'República del Ecuador', 'common': 'Ecuador'}}}",17643060,276841.0,Americas
"{'common': 'Malta', 'official': 'Republic of Malta', 'nativeName': {'eng': {'official': 'Republic of Malta', 'common': 'Malta'}, 'mlt': {'official': ""Repubblika ta ' Malta"", 'common': 'Malta'}}}",525285,316.0,Europe
"{'common': 'Central African Republic', 'official': 'Central African Republic', 'nativeName': {'fra': {'official': 'République centrafricaine', 'common': 'République centrafricaine'}, 'sag': {'official': 'Ködörösêse tî Bêafrîka', 'common': 'Bêafrîka'}}}",4829764,622984.0,Africa
"{'common': 'Tonga', 'official': 'Kingdom of Tonga', 'nativeName': {'eng': {'official': 'Kingdom of Tonga', 'common': 'Tonga'}, 'ton': {'official': 'Kingdom of Tonga', 'common': 'Tonga'}}}",105697,747.0,Oceania
"{'common': 'Greece', 'official': 'Hellenic Republic', 'nativeName': {'ell': {'official': 'Ελληνική Δημοκρατία', 'common': 'Ελλάδα'}}}",10715549,131990.0,Europe
"{'common': 'Austria', 'official': 'Republic of Austria', 'nativeName': {'bar': {'official': 'Republik Österreich', 'common': 'Österreich'}}}",8917205,83871.0,Europe
"{'common': 'Saint Kitts and Nevis', 'official': 'Federation of Saint Christopher and Nevis', 'nativeName': {'eng': {'official': 'Federation of Saint Christopher and Nevis', 'common': 'Saint Kitts and Nevis'}}}",53192,261.0,Americas
"{'common': 'Nigeria', 'official': 'Federal Republic of Nigeria', 'nativeName': {'eng': {'official': 'Federal Republic of Nigeria', 'common': 'Nigeria'}}}",206139587,923768.0,Africa
"{'common': 'Niue', 'official': 'Niue', 'nativeName': {'eng': {'official': 'Niue', 'common': 'Niue'}, 'niu': {'official': 'Niuē', 'common': 'Niuē'}}}",1470,260.0,Oceania
"{'common': 'Czechia', 'official': 'Czech Republic', 'nativeName': {'ces': {'official': 'Česká republika', 'common': 'Česko'}, 'slk': {'official': 'Česká republika', 'common': 'Česko'}}}",10698896,78865.0,Europe
"{'common': 'San Marino', 'official': 'Republic of San Marino', 'nativeName': {'ita': {'official': 'Repubblica di San Marino', 'common': 'San Marino'}}}",33938,61.0,Europe
"{'common': 'Caribbean Netherlands', 'official': 'Bonaire, Sint Eustatius and Saba', 'nativeName': {'nld': {'official': 'Bonaire, Sint Eustatius en Saba', 'common': 'Caribisch Nederland'}, 'pap': {'official': 'Boneiru, Sint Eustatius y Saba', 'common': 'Boneiru, Sint Eustatius y Saba'}}}",25987,328.0,Americas
"{'common': 'Qatar', 'official': 'State of Qatar', 'nativeName': {'ara': {'official': 'دولة قطر', 'common': 'قطر'}}}",2881060,11586.0,Asia
"{'common': 'Wallis and Futuna', 'official': 'Territory of the Wallis and Futuna Islands', 'nativeName': {'fra': {'official': 'Territoire des îles Wallis et Futuna', 'common': 'Wallis et Futuna'}}}",11750,142.0,Oceania
"{'common': 'Guatemala', 'official': 'Republic of Guatemala', 'nativeName': {'spa': {'official': 'República de Guatemala', 'common': 'Guatemala'}}}",16858333,108889.0,Americas
"{'common': 'Tunisia', 'official': 'Tunisian Republic', 'nativeName': {'ara': {'official': 'الجمهورية التونسية', 'common': 'تونس'}}}",11818618,163610.0,Africa
"{'common': 'Bhutan', 'official': 'Kingdom of Bhutan', 'nativeName': {'dzo': {'official': 'འབྲུག་རྒྱལ་ཁབ་', 'common': 'འབྲུག་ཡུལ་'}}}",771612,38394.0,Asia
"{'common': 'Macau', 'official': ""Macao Special Administrative Region of the People's Republic of China"", 'nativeName': {'por': {'official': 'Região Administrativa Especial de Macau da República Popular da China', 'common': 'Macau'}, 'zho': {'official': '中华人民共和国澳门特别行政区', 'common': '澳门'}}}",649342,30.0,Asia
"{'common': 'Saint Helena, Ascension and Tristan da Cunha', 'official': 'Saint Helena, Ascension and Tristan da Cunha', 'nativeName': {'eng': {'official': 'Saint Helena, Ascension and Tristan da Cunha', 'common': 'Saint Helena, Ascension and Tristan da Cunha'}}}",53192,394.0,Africa
"{'common': 'Samoa', 'official': 'Independent State of Samoa', 'nativeName': {'eng': {'official': 'Independent State of Samoa', 'common': 'Samoa'}, 'smo': {'official': 'Malo Saʻoloto Tutoʻatasi o Sāmoa', 'common': 'Sāmoa'}}}",198410,2842.0,Oceania
"{'common': 'Tajikistan', 'official': 'Republic of Tajikistan', 'nativeName': {'rus': {'official': 'Республика Таджикистан', 'common': 'Таджикистан'}, 'tgk': {'official': 'Ҷумҳурии Тоҷикистон', 'common': 'Тоҷикистон'}}}",9537642,143100.0,Asia
"{'common': 'Western Sahara', 'official': 'Sahrawi Arab Democratic Republic', 'nativeName': {'ber': {'official': 'Sahrawi Arab Democratic Republic', 'common': 'Western Sahara'}, 'mey': {'official': 'الجمهورية العربية الصحراوية الديمقراطية', 'common': 'الصحراء الغربية'}, 'spa': {'official': 'República Árabe Saharaui Democrática', 'common': 'Sahara Occidental'}}}",510713,266000.0,Africa
"{'common': 'Israel', 'official': 'State of Israel', 'nativeName': {'ara': {'official': 'دولة إسرائيل', 'common': 'إسرائيل'}, 'heb': {'official': 'מדינת ישראל', 'common': 'ישראל'}}}",9216900,20770.0,Asia
"{'common': 'Somalia', 'official': 'Federal Republic of Somalia', 'nativeName': {'ara': {'official': 'جمهورية الصومال\u200e\u200e', 'common': 'الصومال\u200e\u200e'}, 'som': {'official': 'Jamhuuriyadda Federaalka Soomaaliya', 'common': 'Soomaaliya'}}}",15893219,637657.0,Africa
"{'common': 'Saint Barthélemy', 'official': 'Collectivity of Saint Barthélemy', 'nativeName': {'fra': {'official': 'Collectivité de Saint-Barthélemy', 'common': 'Saint-Barthélemy'}}}",4255,21.0,Americas
"{'common': 'Guernsey', 'official': 'Bailiwick of Guernsey', 'nativeName': {'eng': {'official': 'Bailiwick of Guernsey', 'common': 'Guernsey'}, 'fra': {'official': 'Bailliage de Guernesey', 'common': 'Guernesey'}, 'nfr': {'official': 'Dgèrnésiais', 'common': 'Dgèrnésiais'}}}",62999,78.0,Europe
"{'common': 'Turks and Caicos Islands', 'official': 'Turks and Caicos Islands', 'nativeName': {'eng': {'official': 'Turks and Caicos Islands', 'common': 'Turks and Caicos Islands'}}}",38718,948.0,Americas
"{'common': 'Finland', 'official': 'Republic of Finland', 'nativeName': {'fin': {'official': 'Suomen tasavalta', 'common': 'Suomi'}, 'swe': {'official': 'Republiken Finland', 'common': 'Finland'}}}",5530719,338424.0,Europe
"{'common': 'Lesotho', 'official': 'Kingdom of Lesotho', 'nativeName': {'eng': {'official': 'Kingdom of Lesotho', 'common': 'Lesotho'}, 'sot': {'official': 'Kingdom of Lesotho', 'common': 'Lesotho'}}}",2142252,30355.0,Africa
"{'common': 'Russia', 'official': 'Russian Federation', 'nativeName': {'rus': {'official': 'Российская Федерация', 'common': 'Россия'}}}",144104080,17098242.0,Europe
"{'common': 'Ireland', 'official': 'Republic of Ireland', 'nativeName': {'eng': {'official': 'Republic of Ireland', 'common': 'Ireland'}, 'gle': {'official': 'Poblacht na hÉireann', 'common': 'Éire'}}}",4994724,70273.0,Europe
"{'common': 'Azerbaijan', 'official': 'Republic of Azerbaijan', 'nativeName': {'aze': {'official': 'Azərbaycan Respublikası', 'common': 'Azərbaycan'}}}",10110116,86600.0,Asia
"{'common': 'Jamaica', 'official': 'Jamaica', 'nativeName': {'eng': {'official': 'Jamaica', 'common': 'Jamaica'}, 'jam': {'official': 'Jamaica', 'common': 'Jamaica'}}}",2961161,10991.0,Americas
"{'common': 'Eswatini', 'official': 'Kingdom of Eswatini', 'nativeName': {'eng': {'official': 'Kingdom of Eswatini', 'common': 'Eswatini'}, 'ssw': {'official': 'Umbuso weSwatini', 'common': 'eSwatini'}}}",1160164,17364.0,Africa
"{'common': 'Gabon', 'official': 'Gabonese Republic', 'nativeName': {'fra': {'official': 'République gabonaise', 'common': 'Gabon'}}}",2225728,267668.0,Africa
"{'common': 'Cambodia', 'official': 'Kingdom of Cambodia', 'nativeName': {'khm': {'official': 'ព្រះរាជាណាចក្រកម្ពុជា', 'common': 'Kâmpŭchéa'}}}",16718971,181035.0,Asia
"{'common': 'Saudi Arabia', 'official': 'Kingdom of Saudi Arabia', 'nativeName': {'ara': {'official': 'المملكة العربية السعودية', 'common': 'العربية السعودية'}}}",34813867,2149690.0,Asia
"{'common': 'Micronesia', 'official': 'Federated States of Micronesia', 'nativeName': {'eng': {'official': 'Federated States of Micronesia', 'common': 'Micronesia'}}}",115021,702.0,Oceania
"{'common': 'North Korea', 'official': ""Democratic People's Republic of Korea"", 'nativeName': {'kor': {'official': '조선민주주의인민공화국', 'common': '조선'}}}",25778815,120538.0,Asia
"{'common': 'Equatorial Guinea', 'official': 'Republic of Equatorial Guinea', 'nativeName': {'fra': {'official': 'République de la Guinée Équatoriale', 'common': 'Guinée équatoriale'}, 'por': {'official': 'República da Guiné Equatorial', 'common': 'Guiné Equatorial'}, 'spa': {'official': 'República de Guinea Ecuatorial', 'common': 'Guinea Ecuatorial'}}}",1402985,28051.0,Africa
"{'common': 'Greenland', 'official': 'Greenland', 'nativeName': {'kal': {'official': 'Kalaallit Nunaat', 'common': 'Kalaallit Nunaat'}}}",56367,2166086.0,Americas
"{'common': 'Mexico', 'official': 'United Mexican States', 'nativeName': {'spa': {'official': 'Estados Unidos Mexicanos', 'common': 'México'}}}",128932753,1964375.0,Americas
"{'common': 'Brazil', 'official': 'Federative Republic of Brazil', 'nativeName': {'por': {'official': 'República Federativa do Brasil', 'common': 'Brasil'}}}",212559409,8515767.0,Americas
"{'common': 'Nauru', 'official': 'Republic of Nauru', 'nativeName': {'eng': {'official': 'Republic of Nauru', 'common': 'Nauru'}, 'nau': {'official': 'Republic of Nauru', 'common': 'Nauru'}}}",10834,21.0,Oceania
"{'common': 'Iran', 'official': 'Islamic Republic of Iran', 'nativeName': {'fas': {'official': 'جمهوری اسلامی ایران', 'common': 'ایران'}}}",83992953,1648195.0,Asia
"{'common': 'Angola', 'official': 'Republic of Angola', 'nativeName': {'por': {'official': 'República de Angola', 'common': 'Angola'}}}",32866268,1246700.0,Africa
"{'common': 'Aruba', 'official': 'Aruba', 'nativeName': {'nld': {'official': 'Aruba', 'common': 'Aruba'}, 'pap': {'official': 'Aruba', 'common': 'Aruba'}}}",106766,180.0,Americas
"{'common': 'Cocos (Keeling) Islands', 'official': 'Territory of the Cocos (Keeling) Islands', 'nativeName': {'eng': {'official': 'Territory of the Cocos (Keeling) Islands', 'common': 'Cocos (Keeling) Islands'}}}",544,14.0,Oceania
"{'common': 'Myanmar', 'official': 'Republic of the Union of Myanmar', 'nativeName': {'mya': {'official': 'ပြည်ထောင်စု သမ္မတ မြန်မာနိုင်ငံတော်', 'common': 'မြန်မာ'}}}",54409794,676578.0,Asia
"{'common': 'Egypt', 'official': 'Arab Republic of Egypt', 'nativeName': {'ara': {'official': 'جمهورية مصر العربية', 'common': 'مصر'}}}",102334403,1002450.0,Africa
"{'common': 'Italy', 'official': 'Italian Republic', 'nativeName': {'ita': {'official': 'Repubblica italiana', 'common': 'Italia'}}}",59554023,301336.0,Europe
"{'common': 'Australia', 'official': 'Commonwealth of Australia', 'nativeName': {'eng': {'official': 'Commonwealth of Australia', 'common': 'Australia'}}}",25687041,7692024.0,Oceania
"{'common': 'Botswana', 'official': 'Republic of Botswana', 'nativeName': {'eng': {'official': 'Republic of Botswana', 'common': 'Botswana'}, 'tsn': {'official': 'Lefatshe la Botswana', 'common': 'Botswana'}}}",2351625,582000.0,Africa
"{'common': 'Vatican City', 'official': 'Vatican City State', 'nativeName': {'ita': {'official': 'Stato della Città del Vaticano', 'common': 'Vaticano'}, 'lat': {'official': 'Status Civitatis Vaticanæ', 'common': 'Vaticanæ'}}}",451,0.44,Europe
"{'common': 'Réunion', 'official': 'Réunion Island', 'nativeName': {'fra': {'official': 'Ile de la Réunion', 'common': 'La Réunion'}}}",840974,2511.0,Africa
"{'common': 'Liberia', 'official': 'Republic of Liberia', 'nativeName': {'eng': {'official': 'Republic of Liberia', 'common': 'Liberia'}}}",5057677,111369.0,Africa
"{'common': 'Portugal', 'official': 'Portuguese Republic', 'nativeName': {'por': {'official': 'República Portuguesa', 'common': 'Portugal'}}}",10305564,92090.0,Europe
"{'common': 'Anguilla', 'official': 'Anguilla', 'nativeName': {'eng': {'official': 'Anguilla', 'common': 'Anguilla'}}}",13452,91.0,Americas
"{'common': 'Syria', 'official': 'Syrian Arab Republic', 'nativeName': {'ara': {'official': 'الجمهورية العربية السورية', 'common': 'سوريا'}}}",17500657,185180.0,Asia
"{'common': 'Denmark', 'official': 'Kingdom of Denmark', 'nativeName': {'dan': {'official': 'Kongeriget Danmark', 'common': 'Danmark'}}}",5831404,43094.0,Europe
"{'common': 'Albania', 'official': 'Republic of Albania', 'nativeName': {'sqi': {'official': 'Republika e Shqipërisë', 'common': 'Shqipëria'}}}",2837743,28748.0,Europe
"{'common': 'Slovakia', 'official': 'Slovak Republic', 'nativeName': {'slk': {'official': 'Slovenská republika', 'common': 'Slovensko'}}}",5458827,49037.0,Europe
"{'common': 'Curaçao', 'official': 'Country of Curaçao', 'nativeName': {'eng': {'official': 'Country of Curaçao', 'common': 'Curaçao'}, 'nld': {'official': 'Land Curaçao', 'common': 'Curaçao'}, 'pap': {'official': 'Pais Kòrsou', 'common': 'Pais Kòrsou'}}}",155014,444.0,Americas
"{'common': 'Zambia', 'official': 'Republic of Zambia', 'nativeName': {'eng': {'official': 'Republic of Zambia', 'common': 'Zambia'}}}",18383956,752612.0,Africa
"{'common': 'São Tomé and Príncipe', 'official': 'Democratic Republic of São Tomé and Príncipe', 'nativeName': {'por': {'official': 'República Democrática do São Tomé e Príncipe', 'common': 'São Tomé e Príncipe'}}}",219161,964.0,Africa
"{'common': 'Bahamas', 'official': 'Commonwealth of the Bahamas', 'nativeName': {'eng': {'official': 'Commonwealth of the Bahamas', 'common': 'Bahamas'}}}",393248,13943.0,Americas
"{'common': 'Netherlands', 'official': 'Kingdom of the Netherlands', 'nativeName': {'nld': {'official': 'Koninkrijk der Nederlanden', 'common': 'Nederland'}}}",16655799,41850.0,Europe
"{'common': 'American Samoa', 'official': 'American Samoa', 'nativeName': {'eng': {'official': 'American Samoa', 'common': 'American Samoa'}, 'smo': {'official': 'Sāmoa Amelika', 'common': 'Sāmoa Amelika'}}}",55197,199.0,Oceania
"{'common': 'Bolivia', 'official': 'Plurinational State of Bolivia', 'nativeName': {'aym': {'official': 'Wuliwya Suyu', 'common': 'Wuliwya'}, 'grn': {'official': 'Tetã Volívia', 'common': 'Volívia'}, 'que': {'official': 'Buliwya Mamallaqta', 'common': 'Buliwya'}, 'spa': {'official': 'Estado Plurinacional de Bolivia', 'common': 'Bolivia'}}}",11673029,1098581.0,Americas
"{'common': 'British Indian Ocean Territory', 'official': 'British Indian Ocean Territory', 'nativeName': {'eng': {'official': 'British Indian Ocean Territory', 'common': 'British Indian Ocean Territory'}}}",3000,60.0,Africa
"{'common': 'Germany', 'official': 'Federal Republic of Germany', 'nativeName': {'deu': {'official': 'Bundesrepublik Deutschland', 'common': 'Deutschland'}}}",83240525,357114.0,Europe
"{'common': 'Eritrea', 'official': 'State of Eritrea', 'nativeName': {'ara': {'official': 'دولة إرتريا', 'common': 'إرتريا\u200e'}, 'eng': {'official': 'State of Eritrea', 'common': 'Eritrea'}, 'tir': {'official': 'ሃገረ ኤርትራ', 'common': 'ኤርትራ'}}}",5352000,117600.0,Africa
"{'common': 'Estonia', 'official': 'Republic of Estonia', 'nativeName': {'est': {'official': 'Eesti Vabariik', 'common': 'Eesti'}}}",1331057,45227.0,Europe
"{'common': 'Mali', 'official': 'Republic of Mali', 'nativeName': {'fra': {'official': 'République du Mali', 'common': 'Mali'}}}",20250834,1240192.0,Africa
"{'common': 'Kuwait', 'official': 'State of Kuwait', 'nativeName': {'ara': {'official': 'دولة الكويت', 'common': 'الكويت'}}}",4270563,17818.0,Asia
"{'common': 'DR Congo', 'official': 'Democratic Republic of the Congo', 'nativeName': {'fra': {'official': 'République démocratique du Congo', 'common': 'RD Congo'}, 'kon': {'official': 'Repubilika ya Kongo Demokratiki', 'common': 'Repubilika ya Kongo Demokratiki'}, 'lin': {'official': 'Republiki ya Kongó Demokratiki', 'common': 'Republiki ya Kongó Demokratiki'}, 'lua': {'official': 'Ditunga dia Kongu wa Mungalaata', 'common': 'Ditunga dia Kongu wa Mungalaata'}, 'swa': {'official': 'Jamhuri ya Kidemokrasia ya Kongo', 'common': 'Jamhuri ya Kidemokrasia ya Kongo'}}}",108407721,2344858.0,Africa
"{'common': 'Hungary', 'official': 'Hungary', 'nativeName': {'hun': {'official': 'Magyarország', 'common': 'Magyarország'}}}",9749763,93028.0,Europe
"{'common': 'Libya', 'official': 'State of Libya', 'nativeName': {'ara': {'official': 'الدولة ليبيا', 'common': '\u200fليبيا'}}}",6871287,1759540.0,Africa
"{'common': 'Montenegro', 'official': 'Montenegro', 'nativeName': {'cnr': {'official': 'Црна Гора', 'common': 'Црна Гора'}}}",621718,13812.0,Europe
"{'common': 'Paraguay', 'official': 'Republic of Paraguay', 'nativeName': {'grn': {'official': 'Tetã Paraguái', 'common': 'Paraguái'}, 'spa': {'official': 'República de Paraguay', 'common': 'Paraguay'}}}",7132530,406752.0,Americas
"{'common': 'Peru', 'official': 'Republic of Peru', 'nativeName': {'aym': {'official': 'Piruw Suyu', 'common': 'Piruw'}, 'que': {'official': 'Piruw Ripuwlika', 'common': 'Piruw'}, 'spa': {'official': 'República del Perú', 'common': 'Perú'}}}",32971846,1285216.0,Americas
"{'common': 'Burundi', 'official': 'Republic of Burundi', 'nativeName': {'fra': {'official': 'République du Burundi', 'common': 'Burundi'}, 'run': {'official': ""Republika y'Uburundi "", 'common': 'Uburundi'}}}",11890781,27834.0,Africa
"{'common': 'Laos', 'official': ""Lao People's Democratic Republic"", 'nativeName': {'lao': {'official': 'ສາທາລະນະ ຊາທິປະໄຕ ຄົນລາວ ຂອງ', 'common': 'ສປປລາວ'}}}",7275556,236800.0,Asia
"{'common': 'South Sudan', 'official': 'Republic of South Sudan', 'nativeName': {'eng': {'official': 'Republic of South Sudan', 'common': 'South Sudan'}}}",11193729,619745.0,Africa
"{'common': 'Cayman Islands', 'official': 'Cayman Islands', 'nativeName': {'eng': {'official': 'Cayman Islands', 'common': 'Cayman Islands'}}}",65720,264.0,Americas
"{'common': 'North Macedonia', 'official': 'Republic of North Macedonia', 'nativeName': {'mkd': {'official': 'Република Северна Македонија', 'common': 'Македонија'}}}",2077132,25713.0,Europe
"{'common': 'Morocco', 'official': 'Kingdom of Morocco', 'nativeName': {'ara': {'official': 'المملكة المغربية', 'common': 'المغرب'}, 'ber': {'official': 'ⵜⴰⴳⵍⴷⵉⵜ ⵏ ⵍⵎⵖⵔⵉⴱ', 'common': 'ⵍⵎⴰⵖⵔⵉⴱ'}}}",36910558,446550.0,Africa
"{'common': 'Lebanon', 'official': 'Lebanese Republic', 'nativeName': {'ara': {'official': 'الجمهورية اللبنانية', 'common': 'لبنان'}, 'fra': {'official': 'République libanaise', 'common': 'Liban'}}}",6825442,10452.0,Asia
"{'common': 'Åland Islands', 'official': 'Åland Islands', 'nativeName': {'swe': {'official': 'Landskapet Åland', 'common': 'Åland'}}}",29458,1580.0,Europe
"{'common': 'Guinea', 'official': 'Republic of Guinea', 'nativeName': {'fra': {'official': 'République de Guinée', 'common': 'Guinée'}}}",13132792,245857.0,Africa
"{'common': 'Nicaragua', 'official': 'Republic of Nicaragua', 'nativeName': {'spa': {'official': 'República de Nicaragua', 'common': 'Nicaragua'}}}",6624554,130373.0,Americas
"{'common': 'Guadeloupe', 'official': 'Guadeloupe', 'nativeName': {'fra': {'official': 'Guadeloupe', 'common': 'Guadeloupe'}}}",400132,1628.0,Americas
"{'common': 'Sri Lanka', 'official': 'Democratic Socialist Republic of Sri Lanka', 'nativeName': {'sin': {'official': 'ශ්\u200dරී ලංකා ප්\u200dරජාතාන්ත්\u200dරික සමාජවාදී ජනරජය', 'common': 'ශ්\u200dරී ලංකාව'}, 'tam': {'official': 'இலங்கை சனநாயக சோசலிசக் குடியரசு', 'common': 'இலங்கை'}}}",21919000,65610.0,Asia
"{'common': 'Heard Island and McDonald Islands', 'official': 'Heard Island and McDonald Islands', 'nativeName': {'eng': {'official': 'Heard Island and McDonald Islands', 'common': 'Heard Island and McDonald Islands'}}}",0,412.0,Antarctic
"{'common': 'China', 'official': ""People's Republic of China"", 'nativeName': {'zho': {'official': '中华人民共和国', 'common': '中国'}}}",1402112000,9706961.0,Asia
"{'common': 'Bahrain', 'official': 'Kingdom of Bahrain', 'nativeName': {'ara': {'official': 'مملكة البحرين', 'common': '\u200fالبحرين'}}}",1701583,765.0,Asia
"{'common': 'Marshall Islands', 'official': 'Republic of the Marshall Islands', 'nativeName': {'eng': {'official': 'Republic of the Marshall Islands', 'common': 'Marshall Islands'}, 'mah': {'official': 'Republic of the Marshall Islands', 'common': 'M̧ajeļ'}}}",59194,181.0,Oceania
"{'common': 'Ukraine', 'official': 'Ukraine', 'nativeName': {'ukr': {'official': 'Україна', 'common': 'Україна'}}}",44134693,603500.0,Europe
"{'common': 'South Africa', 'official': 'Republic of South Africa', 'nativeName': {'afr': {'official': 'Republiek van Suid-Afrika', 'common': 'South Africa'}, 'eng': {'official': 'Republic of South Africa', 'common': 'South Africa'}, 'nbl': {'official': 'IRiphabliki yeSewula Afrika', 'common': 'Sewula Afrika'}, 'nso': {'official': 'Rephaboliki ya Afrika-Borwa ', 'common': 'Afrika-Borwa'}, 'sot': {'official': 'Rephaboliki ya Afrika Borwa', 'common': 'Afrika Borwa'}, 'ssw': {'official': 'IRiphabhulikhi yeNingizimu Afrika', 'common': 'Ningizimu Afrika'}, 'tsn': {'official': 'Rephaboliki ya Aforika Borwa', 'common': 'Aforika Borwa'}, 'tso': {'official': 'Riphabliki ra Afrika Dzonga', 'common': 'Afrika Dzonga'}, 'ven': {'official': 'Riphabuḽiki ya Afurika Tshipembe', 'common': 'Afurika Tshipembe'}, 'xho': {'official': 'IRiphabliki yaseMzantsi Afrika', 'common': 'Mzantsi Afrika'}, 'zul': {'official': 'IRiphabliki yaseNingizimu Afrika', 'common': 'Ningizimu Afrika'}}}",59308690,1221037.0,Africa
"{'common': 'Saint Vincent and the Grenadines', 'official': 'Saint Vincent and the Grenadines', 'nativeName': {'eng': {'official': 'Saint Vincent and the Grenadines', 'common': 'Saint Vincent and the Grenadines'}}}",110947,389.0,Americas
"{'common': 'Seychelles', 'official': 'Republic of Seychelles', 'nativeName': {'crs': {'official': 'Repiblik Sesel', 'common': 'Sesel'}, 'eng': {'official': 'Republic of Seychelles', 'common': 'Seychelles'}, 'fra': {'official': 'République des Seychelles', 'common': 'Seychelles'}}}",98462,452.0,Africa
"{'common': 'Dominican Republic', 'official': 'Dominican Republic', 'nativeName': {'spa': {'official': 'República Dominicana', 'common': 'República Dominicana'}}}",10847904,48671.0,Americas
"{'common': 'Indonesia', 'official': 'Republic of Indonesia', 'nativeName': {'ind': {'official': 'Republik Indonesia', 'common': 'Indonesia'}}}",273523621,1904569.0,Asia
"{'common': 'Malawi', 'official': 'Republic of Malawi', 'nativeName': {'eng': {'official': 'Republic of Malawi', 'common': 'Malawi'}, 'nya': {'official': 'Chalo cha Malawi, Dziko la Malaŵi', 'common': 'Malaŵi'}}}",19129955,118484.0,Africa
"{'common': 'Cameroon', 'official': 'Republic of Cameroon', 'nativeName': {'eng': {'official': 'Republic of Cameroon', 'common': 'Cameroon'}, 'fra': {'official': 'République du Cameroun', 'common': 'Cameroun'}}}",26545864,475442.0,Africa
"{'common': 'Madagascar', 'official': 'Republic of Madagascar', 'nativeName': {'fra': {'official': 'République de Madagascar', 'common': 'Madagascar'}, 'mlg': {'official': ""Repoblikan'i Madagasikara"", 'common': 'Madagasikara'}}}",27691019,587041.0,Africa
"{'common': 'Kiribati', 'official': 'Independent and Sovereign Republic of Kiribati', 'nativeName': {'eng': {'official': 'Independent and Sovereign Republic of Kiribati', 'common': 'Kiribati'}, 'gil': {'official': 'Ribaberiki Kiribati', 'common': 'Kiribati'}}}",119446,811.0,Oceania
"{'common': 'Fiji', 'official': 'Republic of Fiji', 'nativeName': {'eng': {'official': 'Republic of Fiji', 'common': 'Fiji'}, 'fij': {'official': 'Matanitu Tugalala o Viti', 'common': 'Viti'}, 'hif': {'official': 'रिपब्लिक ऑफ फीजी', 'common': 'फिजी'}}}",896444,18272.0,Oceania
"{'common': 'French Polynesia', 'official': 'French Polynesia', 'nativeName': {'fra': {'official': 'Polynésie française', 'common': 'Polynésie française'}}}",280904,4167.0,Oceania
"{'common': 'Pakistan', 'official': 'Islamic Republic of Pakistan', 'nativeName': {'eng': {'official': 'Islamic Republic of Pakistan', 'common': 'Pakistan'}, 'urd': {'official': 'اسلامی جمہوریۂ پاكستان', 'common': 'پاكستان'}}}",220892331,881912.0,Asia
"{'common': 'Faroe Islands', 'official': 'Faroe Islands', 'nativeName': {'dan': {'official': 'Færøerne', 'common': 'Færøerne'}, 'fao': {'official': 'Føroyar', 'common': 'Føroyar'}}}",48865,1393.0,Europe
"{'common': 'Suriname', 'official': 'Republic of Suriname', 'nativeName': {'nld': {'official': 'Republiek Suriname', 'common': 'Suriname'}}}",586634,163820.0,Americas
"{'common': 'Djibouti', 'official': 'Republic of Djibouti', 'nativeName': {'ara': {'official': 'جمهورية جيبوتي', 'common': 'جيبوتي\u200e'}, 'fra': {'official': 'République de Djibouti', 'common': 'Djibouti'}}}",988002,23200.0,Africa
"{'common': 'Gambia', 'official': 'Republic of the Gambia', 'nativeName': {'eng': {'official': 'Republic of the Gambia', 'common': 'Gambia'}}}",2416664,10689.0,Africa
"{'common': 'Mongolia', 'official': 'Mongolia', 'nativeName': {'mon': {'official': 'Монгол улс', 'common': 'Монгол улс'}}}",3278292,1564110.0,Asia
"{'common': 'Zimbabwe', 'official': 'Republic of Zimbabwe', 'nativeName': {'bwg': {'official': 'Republic of Zimbabwe', 'common': 'Zimbabwe'}, 'eng': {'official': 'Republic of Zimbabwe', 'common': 'Zimbabwe'}, 'kck': {'official': 'Republic of Zimbabwe', 'common': 'Zimbabwe'}, 'khi': {'official': 'Republic of Zimbabwe', 'common': 'Zimbabwe'}, 'ndc': {'official': 'Republic of Zimbabwe', 'common': 'Zimbabwe'}, 'nde': {'official': 'Republic of Zimbabwe', 'common': 'Zimbabwe'}, 'nya': {'official': 'Republic of Zimbabwe', 'common': 'Zimbabwe'}, 'sna': {'official': 'Republic of Zimbabwe', 'common': 'Zimbabwe'}, 'sot': {'official': 'Republic of Zimbabwe', 'common': 'Zimbabwe'}, 'toi': {'official': 'Republic of Zimbabwe', 'common': 'Zimbabwe'}, 'tsn': {'official': 'Republic of Zimbabwe', 'common': 'Zimbabwe'}, 'tso': {'official': 'Republic of Zimbabwe', 'common': 'Zimbabwe'}, 'ven': {'official': 'Republic of Zimbabwe', 'common': 'Zimbabwe'}, 'xho': {'official': 'Republic of Zimbabwe', 'common': 'Zimbabwe'}, 'zib': {'official': 'Republic of Zimbabwe', 'common': 'Zimbabwe'}}}",14862927,390757.0,Africa
"{'common': 'Iceland', 'official': 'Iceland', 'nativeName': {'isl': {'official': 'Ísland', 'common': 'Ísland'}}}",366425,103000.0,Europe
"{'common': 'Haiti', 'official': 'Republic of Haiti', 'nativeName': {'fra': {'official': ""République d'Haïti"", 'common': 'Haïti'}, 'hat': {'official': 'Repiblik Ayiti', 'common': 'Ayiti'}}}",11402533,27750.0,Americas
"{'common': 'Romania', 'official': 'Romania', 'nativeName': {'ron': {'official': 'România', 'common': 'România'}}}",19286123,238391.0,Europe
"{'common': 'Costa Rica', 'official': 'Republic of Costa Rica', 'nativeName': {'spa': {'official': 'República de Costa Rica', 'common': 'Costa Rica'}}}",5094114,51100.0,Americas
"{'common': 'Croatia', 'official': 'Republic of Croatia', 'nativeName': {'hrv': {'official': 'Republika Hrvatska', 'common': 'Hrvatska'}}}",4047200,56594.0,Europe
"{'common': 'Vietnam', 'official': 'Socialist Republic of Vietnam', 'nativeName': {'vie': {'official': 'Cộng hòa xã hội chủ nghĩa Việt Nam', 'common': 'Việt Nam'}}}",97338583,331212.0,Asia
"{'common': 'South Korea', 'official': 'Republic of Korea', 'nativeName': {'kor': {'official': '대한민국', 'common': '한국'}}}",51780579,100210.0,Asia
"{'common': 'Norfolk Island', 'official': 'Territory of Norfolk Island', 'nativeName': {'eng': {'official': 'Territory of Norfolk Island', 'common': 'Norfolk Island'}, 'pih': {'official': ""Teratri of Norf'k Ailen"", 'common': ""Norf'k Ailen""}}}",2302,36.0,Oceania
"{'common': 'Canada', 'official': 'Canada', 'nativeName': {'eng': {'official': 'Canada', 'common': 'Canada'}, 'fra': {'official': 'Canada', 'common': 'Canada'}}}",38005238,9984670.0,Americas
"{'common': 'Liechtenstein', 'official': 'Principality of Liechtenstein', 'nativeName': {'deu': {'official': 'Fürstentum Liechtenstein', 'common': 'Liechtenstein'}}}",38137,160.0,Europe
"{'common': 'Monaco', 'official': 'Principality of Monaco', 'nativeName': {'fra': {'official': 'Principauté de Monaco', 'common': 'Monaco'}}}",39244,2.02,Europe
"{'common': 'Puerto Rico', 'official': 'Commonwealth of Puerto Rico', 'nativeName': {'eng': {'official': 'Commonwealth of Puerto Rico', 'common': 'Puerto Rico'}, 'spa': {'official': 'Estado Libre Asociado de Puerto Rico', 'common': 'Puerto Rico'}}}",3194034,8870.0,Americas
"{'common': 'Tuvalu', 'official': 'Tuvalu', 'nativeName': {'eng': {'official': 'Tuvalu', 'common': 'Tuvalu'}, 'tvl': {'official': 'Tuvalu', 'common': 'Tuvalu'}}}",11792,26.0,Oceania
"{'common': 'French Guiana', 'official': 'Guiana', 'nativeName': {'fra': {'official': 'Guyane', 'common': 'Guyane française'}}}",254541,83534.0,Americas
"{'common': 'Saint Martin', 'official': 'Saint Martin', 'nativeName': {'fra': {'official': 'Saint-Martin', 'common': 'Saint-Martin'}}}",38659,53.0,Americas
"{'common': 'Mauritius', 'official': 'Republic of Mauritius', 'nativeName': {'eng': {'official': 'Republic of Mauritius', 'common': 'Mauritius'}, 'fra': {'official': 'République de Maurice', 'common': 'Maurice'}, 'mfe': {'official': 'Republik Moris', 'common': 'Moris'}}}",1265740,2040.0,Africa
"{'common': 'South Georgia', 'official': 'South Georgia and the South Sandwich Islands', 'nativeName': {'eng': {'official': 'South Georgia and the South Sandwich Islands', 'common': 'South Georgia'}}}",30,3903.0,Antarctic
"{'common': 'Papua New Guinea', 'official': 'Independent State of Papua New Guinea', 'nativeName': {'eng': {'official': 'Independent State of Papua New Guinea', 'common': 'Papua New Guinea'}, 'hmo': {'official': 'Independen Stet bilong Papua Niugini', 'common': 'Papua Niu Gini'}, 'tpi': {'official': 'Independen Stet bilong Papua Niugini', 'common': 'Papua Niugini'}}}",8947027,462840.0,Oceania
"{'common': 'Kazakhstan', 'official': 'Republic of Kazakhstan', 'nativeName': {'kaz': {'official': 'Қазақстан Республикасы', 'common': 'Қазақстан'}, 'rus': {'official': 'Республика Казахстан', 'common': 'Казахстан'}}}",18754440,2724900.0,Asia
"{'common': 'Malaysia', 'official': 'Malaysia', 'nativeName': {'eng': {'official': 'Malaysia', 'common': 'Malaysia'}, 'msa': {'official': 'مليسيا', 'common': 'مليسيا'}}}",32365998,330803.0,Asia
"{'common': 'Uganda', 'official': 'Republic of Uganda', 'nativeName': {'eng': {'official': 'Republic of Uganda', 'common': 'Uganda'}, 'swa': {'official': 'Republic of Uganda', 'common': 'Uganda'}}}",45741000,241550.0,Africa
"{'common': 'Burkina Faso', 'official': 'Burkina Faso', 'nativeName': {'fra': {'official': 'République du Burkina', 'common': 'Burkina Faso'}}}",20903278,272967.0,Africa
"{'common': 'Grenada', 'official': 'Grenada', 'nativeName': {'eng': {'official': 'Grenada', 'common': 'Grenada'}}}",112519,344.0,Americas
"{'common': 'Singapore', 'official': 'Republic of Singapore', 'nativeName': {'eng': {'official': 'Republic of Singapore', 'common': 'Singapore'}, 'zho': {'official': '新加坡共和国', 'common': '新加坡'}, 'msa': {'official': 'Republik Singapura', 'common': 'Singapura'}, 'tam': {'official': 'சிங்கப்பூர் குடியரசு', 'common': 'சிங்கப்பூர்'}}}",5685807,710.0,Asia
"{'common': 'Cook Islands', 'official': 'Cook Islands', 'nativeName': {'eng': {'official': 'Cook Islands', 'common': 'Cook Islands'}, 'rar': {'official': ""Kūki 'Āirani"", 'common': ""Kūki 'Āirani""}}}",18100,236.0,Oceania
"{'common': 'Maldives', 'official': 'Republic of the Maldives', 'nativeName': {'div': {'official': 'ދިވެހިރާއްޖޭގެ ޖުމްހޫރިއްޔާ', 'common': 'ދިވެހިރާއްޖޭގެ'}}}",540542,300.0,Asia
"{'common': 'Yemen', 'official': 'Republic of Yemen', 'nativeName': {'ara': {'official': 'الجمهورية اليمنية', 'common': 'اليَمَن'}}}",29825968,527968.0,Asia
"{'common': 'United States Virgin Islands', 'official': 'Virgin Islands of the United States', 'nativeName': {'eng': {'official': 'Virgin Islands of the United States', 'common': 'United States Virgin Islands'}}}",106290,347.0,Americas
"{'common': 'Jersey', 'official': 'Bailiwick of Jersey', 'nativeName': {'eng': {'official': 'Bailiwick of Jersey', 'common': 'Jersey'}, 'fra': {'official': 'Bailliage de Jersey', 'common': 'Jersey'}, 'nrf': {'official': 'Bailliage dé Jèrri', 'common': 'Jèrri'}}}",100800,116.0,Europe
"{'common': 'Martinique', 'official': 'Martinique', 'nativeName': {'fra': {'official': 'Martinique', 'common': 'Martinique'}}}",378243,1128.0,Americas
"{'common': 'British Virgin Islands', 'official': 'Virgin Islands', 'nativeName': {'eng': {'official': 'Virgin Islands', 'common': 'British Virgin Islands'}}}",30237,151.0,Americas
"{'common': 'Antigua and Barbuda', 'official': 'Antigua and Barbuda', 'nativeName': {'eng': {'official': 'Antigua and Barbuda', 'common': 'Antigua and Barbuda'}}}",97928,442.0,Americas
"{'common': 'Panama', 'official': 'Republic of Panama', 'nativeName': {'spa': {'official': 'República de Panamá', 'common': 'Panamá'}}}",4314768,75417.0,Americas
"{'common': 'Thailand', 'official': 'Kingdom of Thailand', 'nativeName': {'tha': {'official': 'ราชอาณาจักรไทย', 'common': 'ประเทศไทย'}}}",69799978,513120.0,Asia
"{'common': 'Sweden', 'official': 'Kingdom of Sweden', 'nativeName': {'swe': {'official': 'Konungariket Sverige', 'common': 'Sverige'}}}",10353442,450295.0,Europe
"{'common': 'Algeria', 'official': ""People's Democratic Republic of Algeria"", 'nativeName': {'ara': {'official': 'الجمهورية الديمقراطية الشعبية الجزائرية', 'common': 'الجزائر'}}}",44700000,2381741.0,Africa
"{'common': 'Mozambique', 'official': 'Republic of Mozambique', 'nativeName': {'por': {'official': 'República de Moçambique', 'common': 'Moçambique'}}}",31255435,801590.0,Africa
"{'common': 'Namibia', 'official': 'Republic of Namibia', 'nativeName': {'afr': {'official': 'Republiek van Namibië', 'common': 'Namibië'}, 'deu': {'official': 'Republik Namibia', 'common': 'Namibia'}, 'eng': {'official': 'Republic of Namibia', 'common': 'Namibia'}, 'her': {'official': 'Republic of Namibia', 'common': 'Namibia'}, 'hgm': {'official': 'Republic of Namibia', 'common': 'Namibia'}, 'kwn': {'official': 'Republic of Namibia', 'common': 'Namibia'}, 'loz': {'official': 'Republic of Namibia', 'common': 'Namibia'}, 'ndo': {'official': 'Republic of Namibia', 'common': 'Namibia'}, 'tsn': {'official': 'Lefatshe la Namibia', 'common': 'Namibia'}}}",2540916,825615.0,Africa
"{'common': 'Barbados', 'official': 'Barbados', 'nativeName': {'eng': {'official': 'Barbados', 'common': 'Barbados'}}}",287371,430.0,Americas
"{'common': 'Svalbard and Jan Mayen', 'official': 'Svalbard og Jan Mayen', 'nativeName': {'nor': {'official': 'Svalbard og Jan Mayen', 'common': 'Svalbard og Jan Mayen'}}}",2562,61399.0,Europe
"{'common': 'Hong Kong', 'official': ""Hong Kong Special Administrative Region of the People's Republic of China"", 'nativeName': {'eng': {'official': ""Hong Kong Special Administrative Region of the People's Republic of China"", 'common': 'Hong Kong'}, 'zho': {'official': '中华人民共和国香港特别行政区', 'common': '香港'}}}",7500700,1104.0,Asia
"{'common': 'Honduras', 'official': 'Republic of Honduras', 'nativeName': {'spa': {'official': 'República de Honduras', 'common': 'Honduras'}}}",9904608,112492.0,Americas
"{'common': 'Japan', 'official': 'Japan', 'nativeName': {'jpn': {'official': '日本', 'common': '日本'}}}",125836021,377930.0,Asia
"{'common': 'United States Minor Outlying Islands', 'official': 'United States Minor Outlying Islands', 'nativeName': {'eng': {'official': 'United States Minor Outlying Islands', 'common': 'United States Minor Outlying Islands'}}}",300,34.2,Americas
"{'common': 'Guam', 'official': 'Guam', 'nativeName': {'cha': {'official': 'Guåhån', 'common': 'Guåhån'}, 'eng': {'official': 'Guam', 'common': 'Guam'}, 'spa': {'official': 'Guam', 'common': 'Guam'}}}",168783,549.0,Oceania
"{'common': 'Sint Maarten', 'official': 'Sint Maarten', 'nativeName': {'eng': {'official': 'Sint Maarten', 'common': 'Sint Maarten'}, 'fra': {'official': 'Saint-Martin', 'common': 'Saint-Martin'}, 'nld': {'official': 'Sint Maarten', 'common': 'Sint Maarten'}}}",40812,34.0,Americas
"{'common': 'Belarus', 'official': 'Republic of Belarus', 'nativeName': {'bel': {'official': 'Рэспубліка Беларусь', 'common': 'Белару́сь'}, 'rus': {'official': 'Республика Беларусь', 'common': 'Беларусь'}}}",9398861,207600.0,Europe
"{'common': 'Bermuda', 'official': 'Bermuda', 'nativeName': {'eng': {'official': 'Bermuda', 'common': 'Bermuda'}}}",63903,54.0,Americas
"{'common': 'Bosnia and Herzegovina', 'official': 'Bosnia and Herzegovina', 'nativeName': {'bos': {'official': 'Bosna i Hercegovina', 'common': 'Bosna i Hercegovina'}, 'hrv': {'official': 'Bosna i Hercegovina', 'common': 'Bosna i Hercegovina'}, 'srp': {'official': 'Босна и Херцеговина', 'common': 'Босна и Херцеговина'}}}",3280815,51209.0,Europe
"{'common': 'Gibraltar', 'official': 'Gibraltar', 'nativeName': {'eng': {'official': 'Gibraltar', 'common': 'Gibraltar'}}}",33691,6.0,Europe
"{'common': 'Kenya', 'official': 'Republic of Kenya', 'nativeName': {'eng': {'official': 'Republic of Kenya', 'common': 'Kenya'}, 'swa': {'official': 'Republic of Kenya', 'common': 'Kenya'}}}",53771300,580367.0,Africa
"{'common': 'New Zealand', 'official': 'New Zealand', 'nativeName': {'eng': {'official': 'New Zealand', 'common': 'New Zealand'}, 'mri': {'official': 'Aotearoa', 'common': 'Aotearoa'}, 'nzs': {'official': 'New Zealand', 'common': 'New Zealand'}}}",5084300,270467.0,Oceania
"{'common': 'French Southern and Antarctic Lands', 'official': 'Territory of the French Southern and Antarctic Lands', 'nativeName': {'fra': {'official': 'Territoire des Terres australes et antarctiques françaises', 'common': 'Terres australes et antarctiques françaises'}}}",400,7747.0,Antarctic
"{'common': 'Tokelau', 'official': 'Tokelau', 'nativeName': {'eng': {'official': 'Tokelau', 'common': 'Tokelau'}, 'smo': {'official': 'Tokelau', 'common': 'Tokelau'}, 'tkl': {'official': 'Tokelau', 'common': 'Tokelau'}}}",1411,12.0,Oceania
"{'common': 'Guyana', 'official': 'Co-operative Republic of Guyana', 'nativeName': {'eng': {'official': 'Co-operative Republic of Guyana', 'common': 'Guyana'}}}",786559,214969.0,Americas
"{'common': 'Nepal', 'official': 'Federal Democratic Republic of Nepal', 'nativeName': {'nep': {'official': 'नेपाल संघीय लोकतान्त्रिक गणतन्त्र', 'common': 'नेपाल'}}}",29136808,147181.0,Asia
"{'common': 'India', 'official': 'Republic of India', 'nativeName': {'eng': {'official': 'Republic of India', 'common': 'India'}, 'hin': {'official': 'भारत गणराज्य', 'common': 'भारत'}, 'tam': {'official': 'இந்தியக் குடியரசு', 'common': 'இந்தியா'}}}",1380004385,3287590.0,Asia
"{'common': 'Trinidad and Tobago', 'official': 'Republic of Trinidad and Tobago', 'nativeName': {'eng': {'official': 'Republic of Trinidad and Tobago', 'common': 'Trinidad and Tobago'}}}",1399491,5130.0,Americas
"{'common': 'Luxembourg', 'official': 'Grand Duchy of Luxembourg', 'nativeName': {'deu': {'official': 'Großherzogtum Luxemburg', 'common': 'Luxemburg'}, 'fra': {'official': 'Grand-Duché de Luxembourg', 'common': 'Luxembourg'}, 'ltz': {'official': 'Groussherzogtum Lëtzebuerg', 'common': 'Lëtzebuerg'}}}",632275,2586.0,Europe
"{'common': 'Switzerland', 'official': 'Swiss Confederation', 'nativeName': {'fra': {'official': 'Confédération suisse', 'common': 'Suisse'}, 'gsw': {'official': 'Schweizerische Eidgenossenschaft', 'common': 'Schweiz'}, 'ita': {'official': 'Confederazione Svizzera', 'common': 'Svizzera'}, 'roh': {'official': 'Confederaziun svizra', 'common': 'Svizra'}}}",8654622,41284.0,Europe
"{'common': 'Taiwan', 'official': 'Republic of China (Taiwan)', 'nativeName': {'zho': {'official': '中華民國', 'common': '台灣'}}}",23503349,36193.0,Asia
"{'common': 'Iraq', 'official': 'Republic of Iraq', 'nativeName': {'ara': {'official': 'جمهورية العراق', 'common': 'العراق'}, 'arc': {'official': 'ܩܘܼܛܢܵܐ ܐܝܼܪܲܩ', 'common': 'ܩܘܼܛܢܵܐ'}, 'ckb': {'official': 'کۆماری عێراق', 'common': 'کۆماری'}}}",40222503,438317.0,Asia
"{'common': 'Norway', 'official': 'Kingdom of Norway', 'nativeName': {'nno': {'official': 'Kongeriket Noreg', 'common': 'Noreg'}, 'nob': {'official': 'Kongeriket Norge', 'common': 'Norge'}, 'smi': {'official': 'Norgga gonagasriika', 'common': 'Norgga'}}}",5379475,323802.0,Europe
"{'common': 'Oman', 'official': 'Sultanate of Oman', 'nativeName': {'ara': {'official': 'سلطنة عمان', 'common': 'عمان'}}}",5106622,309500.0,Asia
"{'common': 'United Kingdom', 'official': 'United Kingdom of Great Britain and Northern Ireland', 'nativeName': {'eng': {'official': 'United Kingdom of Great Britain and Northern Ireland', 'common': 'United Kingdom'}}}",67215293,242900.0,Europe
"{'common': 'Dominica', 'official': 'Commonwealth of Dominica', 'nativeName': {'eng': {'official': 'Commonwealth of Dominica', 'common': 'Dominica'}}}",71991,751.0,Americas
"{'common': 'Spain', 'official': 'Kingdom of Spain', 'nativeName': {'spa': {'official': 'Reino de España', 'common': 'España'}}}",47351567,505992.0,Europe
"{'common': 'Serbia', 'official': 'Republic of Serbia', 'nativeName': {'srp': {'official': 'Република Србија', 'common': 'Србија'}}}",6908224,88361.0,Europe
"{'common': 'Slovenia', 'official': 'Republic of Slovenia', 'nativeName': {'slv': {'official': 'Republika Slovenija', 'common': 'Slovenija'}}}",2100126,20273.0,Europe
"{'common': 'Armenia', 'official': 'Republic of Armenia', 'nativeName': {'hye': {'official': 'Հայաստանի Հանրապետություն', 'common': 'Հայաստան'}}}",2963234,29743.0,Asia
"{'common': 'Niger', 'official': 'Republic of Niger', 'nativeName': {'fra': {'official': 'République du Niger', 'common': 'Niger'}}}",24206636,1267000.0,Africa
"{'common': 'Bouvet Island', 'official': 'Bouvet Island', 'nativeName': {'nor': {'official': 'Bouvetøya', 'common': 'Bouvetøya'}}}",0,49.0,Antarctic
"{'common': 'Christmas Island', 'official': 'Territory of Christmas Island', 'nativeName': {'eng': {'official': 'Territory of Christmas Island', 'common': 'Christmas Island'}}}",2072,135.0,Oceania
"{'common': 'Colombia', 'official': 'Republic of Colombia', 'nativeName': {'spa': {'official': 'República de Colombia', 'common': 'Colombia'}}}",50882884,1141748.0,Americas
"{'common': 'Poland', 'official': 'Republic of Poland', 'nativeName': {'pol': {'official': 'Rzeczpospolita Polska', 'common': 'Polska'}}}",37950802,312679.0,Europe
"{'common': 'Turkey', 'official': 'Republic of Turkey', 'nativeName': {'tur': {'official': 'Türkiye Cumhuriyeti', 'common': 'Türkiye'}}}",84339067,783562.0,Asia
"{'common': 'Brunei', 'official': 'Nation of Brunei, Abode of Peace', 'nativeName': {'msa': {'official': 'Nation of Brunei, Abode Damai', 'common': 'Negara Brunei Darussalam'}}}",437483,5765.0,Asia
"{'common': 'Mauritania', 'official': 'Islamic Republic of Mauritania', 'nativeName': {'ara': {'official': 'الجمهورية الإسلامية الموريتانية', 'common': 'موريتانيا'}}}",4649660,1030700.0,Africa
